{
"R@1": 0.12923076923076923,
"R@5": 0.4,
"R@10": 0.5666666666666667,
"mAP": 0.37304299310521577,
"P@10": 0.17,
"MRR": 0.5353552851136211
}